START_DATE*,END_DATE*,CATEGORY*,START*,STOP*,MILES*,PURPOSE*
42370.88264,42370.88681,Business,Fort Pierce,Fort Pierce,5.1,Meal/Entertain
42401.05903,42401.06736,Business,Fort Pierce,Fort Pierce,5,
42401.85069,42401.85972,Business,Fort Pierce,Fort Pierce,4.8,Errand/Supplies
42491.72986,42491.73958,Business,Fort Pierce,Fort Pierce,4.7,Meeting
42522.71875,42522.72153,Business,West Palm Beach,West Palm Beach,4.3,Meal/Entertain
42552.56042,42552.56458,Business,Cary,Cary,0.8,Meeting
1/14/2016 16:29,1/14/2016 17:05,Business,Houston,Houston,21.9,Customer Visit
1/18/2016 14:55,1/18/2016 15:06,Business,Cary,Cary,4.8,Meal/Entertain
1/21/2016 14:25,1/21/2016 14:29,Business,Cary,Cary,1.6,Errand/Supplies
1/21/2016 14:43,1/21/2016 14:51,Business,Cary,Cary,2.4,Meal/Entertain
1/21/2016 16:01,1/21/2016 16:06,Business,Cary,Cary,1,Meal/Entertain
1/26/2016 17:17,1/26/2016 17:22,Business,Cary,Cary,1.4,Errand/Supplies
1/26/2016 17:27,1/26/2016 17:29,Business,Cary,Cary,0.5,Errand/Supplies
1/27/2016 9:24,1/27/2016 9:31,Business,Cary,Cary,1.8,Meeting
1/27/2016 14:05,1/27/2016 14:13,Business,Raleigh,Raleigh,2.7,Customer Visit
1/29/2016 9:31,1/29/2016 9:45,Business,Cary,Cary,4.6,Customer Visit
1/29/2016 10:56,1/29/2016 11:07,Business,Cary,Cary,5.2,Meeting
42402.57708,42402.5875,Business,Cary,Cary,6,Errand/Supplies
42402.60972,42402.6125,Business,Cary,Cary,1.6,Errand/Supplies
42462.43472,42462.43889,Business,Cary,Cary,1.6,Meal/Entertain
42462.66597,42462.66875,Business,Cary,Cary,1.1,Meal/Entertain
42462.69097,42462.69375,Business,Cary,Cary,1.6,Meal/Entertain
42462.85833,42462.87153,Business,Cary,Cary,7.7,Meeting
2/16/2016 10:31,2/16/2016 10:41,Business,Colombo,Colombo,2.6,
2/16/2016 11:32,2/16/2016 12:02,Business,Colombo,Colombo,4.5,
2/16/2016 12:39,2/16/2016 12:42,Business,Colombo,Colombo,1.7,
2/16/2016 13:43,2/16/2016 13:55,Business,Colombo,Colombo,1.8,Temporary Site
2/16/2016 16:34,2/16/2016 17:10,Business,Colombo,Colombo,6,
2/17/2016 15:17,2/17/2016 15:22,Business,Colombo,Colombo,1.7,Meal/Entertain
2/17/2016 16:38,2/17/2016 16:43,Business,Katunayaka,Katunayaka,0.5,Errand/Supplies
2/18/2016 8:19,2/18/2016 8:27,Business,Unknown Location,Unknown Location,23.5,Temporary Site
2/19/2016 9:02,2/19/2016 9:14,Business,Unknown Location,Unknown Location,18.3,Meeting
2/19/2016 9:21,2/19/2016 9:51,Business,Unknown Location,Unknown Location,11.2,Meeting
2/19/2016 11:20,2/19/2016 11:26,Personal,Islamabad,Islamabad,1.5,
2/19/2016 11:45,2/19/2016 11:50,Personal,Islamabad,Islamabad,1,
2/19/2016 17:09,2/19/2016 17:20,Business,Islamabad,Islamabad,4.2,
2/19/2016 20:34,2/19/2016 20:51,Personal,Unknown Location,Unknown Location,2.5,
2/20/2016 10:48,2/20/2016 10:56,Personal,Islamabad,Islamabad,3,
2/20/2016 11:45,2/20/2016 11:53,Personal,Islamabad,Islamabad,1.5,
2/20/2016 14:50,2/20/2016 15:54,Business,R?walpindi,R?walpindi,23.1,Meeting
2/20/2016 18:00,2/20/2016 18:03,Business,Unknown Location,Unknown Location,3.2,Errand/Supplies
2/20/2016 19:28,2/20/2016 19:49,Business,Unknown Location,Unknown Location,7.7,Errand/Supplies
2/21/2016 11:47,2/21/2016 12:01,Business,Islamabad,Islamabad,4.6,Errand/Supplies
2/21/2016 12:51,2/21/2016 13:12,Business,Unknown Location,Unknown Location,8.3,Temporary Site
2/21/2016 13:33,2/21/2016 14:30,Business,Unknown Location,Unknown Location,22.7,Temporary Site
2/21/2016 16:04,2/21/2016 16:32,Business,Unknown Location,Unknown Location,9.7,
42463.66389,42463.67222,Business,Raleigh,Raleigh,4.9,Meal/Entertain
42493.53958,42493.55,Personal,Weston,Weston,4.2,
42585.67569,42585.68403,Personal,Whitebridge,Whitebridge,1.6,
3/17/2016 18:47,3/17/2016 19:09,Personal,Houston,Houston,4.9,
3/17/2016 20:57,3/17/2016 21:28,Personal,Houston,Houston,12.6,
3/18/2016 7:15,3/18/2016 7:21,Business,Midtown,Midtown,1.1,Meal/Entertain
3/18/2016 8:35,3/18/2016 8:43,Business,Midtown,Midtown,1.1,Meal/Entertain
3/18/2016 19:23,3/18/2016 19:29,Business,Sharpstown,Sharpstown,1,Errand/Supplies
3/19/2016 17:37,3/19/2016 17:47,Business,Port Bolivar,Port Bolivar,2.1,Errand/Supplies
3/19/2016 17:52,3/19/2016 18:00,Business,Port Bolivar,Port Bolivar,1.2,
3/22/2016 19:12,3/22/2016 19:25,Personal,Whitebridge,Whitebridge,1.4,
3/26/2016 16:26,3/26/2016 16:30,Personal,Lake Reams,Lake Reams,1.2,
3/27/2016 0:31,3/27/2016 0:40,Business,Lake Reams,Lake Reams,2.1,Errand/Supplies
3/27/2016 21:26,3/27/2016 21:41,Personal,Orlando,Orlando,6.9,
42373.57153,42373.58403,Business,Kissimmee,Kissimmee,11,Meeting
42373.70278,42373.70625,Personal,Kissimmee,Kissimmee,0.7,
42404.36667,42404.37778,Personal,Kissimmee,Kissimmee,5.5,
42404.45903,42404.46944,Personal,Kissimmee,Kissimmee,5.1,
4/24/2016 19:46,4/24/2016 19:52,Business,Chessington,Chessington,1.9,Errand/Supplies
42496.66458,42496.67222,Business,Weston,Weston,3.8,Meal/Entertain
6/25/2016 11:25,6/25/2016 11:34,Business,Pontchartrain Shores,Pontchartrain Shores,1.7,Meeting
6/26/2016 18:45,6/26/2016 19:12,Business,Pontchartrain Shores,Pontchartrain Shores,4.8,
6/26/2016 19:41,6/26/2016 19:50,Business,Kenner,Kenner,2.2,
6/27/2016 8:51,6/27/2016 9:00,Business,Covington,Covington,2.5,
6/27/2016 9:05,6/27/2016 9:33,Business,Covington,Covington,8.6,
6/27/2016 9:43,6/27/2016 10:08,Business,Covington,Covington,5.2,
6/27/2016 10:22,6/27/2016 10:39,Business,Covington,Covington,7.6,
6/27/2016 10:51,6/27/2016 10:58,Business,Covington,Covington,1.8,
6/27/2016 11:30,6/27/2016 11:42,Business,Mandeville,Mandeville,2.8,
6/27/2016 21:09,6/27/2016 21:19,Business,Jamestown Court,Jamestown Court,1,
42497,42497.00347,Business,Parkwood,Parkwood,1.2,Errand/Supplies
42497.7,42497.70278,Business,Whitebridge,Whitebridge,0.6,Errand/Supplies
42711.80625,42711.80972,Personal,Kenner,Kenner,1.4,
7/13/2016 13:25,7/13/2016 13:39,Personal,Morrisville,Morrisville,2.2,
7/14/2016 16:03,7/14/2016 16:34,Business,Morrisville,Morrisville,11.8,Errand/Supplies
7/15/2016 11:32,7/15/2016 11:53,Personal,Banner Elk,Banner Elk,8.3,
7/15/2016 12:09,7/15/2016 12:19,Personal,Banner Elk,Banner Elk,3.2,
7/15/2016 15:40,7/15/2016 15:52,Personal,Banner Elk,Banner Elk,4.5,
7/16/2016 14:14,7/16/2016 14:30,Personal,Newland,Newland,3.8,
7/16/2016 21:45,7/16/2016 22:18,Personal,Banner Elk,Banner Elk,13,
7/16/2016 22:50,7/16/2016 23:03,Business,Banner Elk,Banner Elk,4.4,Errand/Supplies
42651.78403,42651.78472,Business,Apex,Apex,1,
8/15/2016 15:20,8/15/2016 15:47,Business,Unknown Location,Unknown Location,14.1,
8/15/2016 16:52,8/15/2016 17:30,Business,Unknown Location,Unknown Location,15.7,
8/15/2016 19:08,8/15/2016 20:30,Business,Unknown Location,Unknown Location,25.9,Temporary Site
8/16/2016 7:58,8/16/2016 8:11,Business,Unknown Location,Unknown Location,7.9,
8/16/2016 8:16,8/16/2016 8:23,Business,Unknown Location,Unknown Location,2.7,
8/16/2016 8:46,8/16/2016 8:53,Business,Unknown Location,Unknown Location,5.5,
8/16/2016 10:31,8/16/2016 10:38,Business,Islamabad,Islamabad,1.2,
8/16/2016 15:13,8/16/2016 15:36,Business,Unknown Location,Unknown Location,16.2,
8/17/2016 10:17,8/17/2016 10:41,Business,Unknown Location,Unknown Location,2.6,
8/17/2016 10:57,8/17/2016 11:20,Business,Unknown Location,Unknown Location,12.1,
8/17/2016 16:54,8/17/2016 17:00,Business,Unknown Location,Unknown Location,5.3,
8/17/2016 17:05,8/17/2016 17:34,Business,Unknown Location,Unknown Location,5.5,
8/17/2016 18:38,8/17/2016 18:57,Business,Unknown Location,Unknown Location,7.7,Temporary Site
8/18/2016 18:40,8/18/2016 19:07,Business,Unknown Location,Unknown Location,7.6,Temporary Site
8/19/2016 15:51,8/19/2016 16:06,Business,Islamabad,Islamabad,3.2,
8/21/2016 10:00,8/21/2016 10:29,Business,Unknown Location,Unknown Location,7.6,Airport/Travel
8/21/2016 14:05,8/21/2016 14:34,Business,Unknown Location,Unknown Location,7.7,
8/21/2016 18:10,8/21/2016 18:17,Business,Islamabad,Islamabad,1.4,
8/22/2016 13:02,8/22/2016 13:11,Business,Islamabad,Islamabad,1.5,
8/22/2016 15:14,8/22/2016 15:49,Business,Unknown Location,Unknown Location,19,
8/22/2016 15:59,8/22/2016 17:16,Business,Unknown Location,Unknown Location,19,
8/22/2016 20:53,8/22/2016 21:31,Business,R?walpindi,R?walpindi,4.1,
8/23/2016 15:07,8/23/2016 15:12,Business,Unknown Location,Unknown Location,1.9,
8/23/2016 15:15,8/23/2016 17:16,Business,Unknown Location,Unknown Location,7.9,
8/23/2016 17:42,8/23/2016 18:31,Business,Unknown Location,Unknown Location,17.7,
8/24/2016 12:05,8/24/2016 12:56,Business,Unknown Location,Unknown Location,25.2,
8/24/2016 13:01,8/24/2016 15:25,Business,Unknown Location,Unknown Location,96.2,
8/25/2016 15:17,8/25/2016 16:22,Business,Unknown Location,Unknown Location,35,
8/25/2016 16:36,8/25/2016 16:56,Business,Unknown Location,Unknown Location,5.5,
8/25/2016 17:19,8/25/2016 19:20,Business,Unknown Location,Unknown Location,50.4,
8/26/2016 9:06,8/26/2016 9:20,Business,Unknown Location,Unknown Location,5,
8/26/2016 11:14,8/26/2016 11:26,Business,Unknown Location,Unknown Location,3.8,
8/26/2016 14:10,8/26/2016 14:33,Business,Lahore,Lahore,7.4,
8/26/2016 15:23,8/26/2016 15:35,Business,Lahore,Lahore,1.5,
8/26/2016 18:42,8/26/2016 18:56,Business,Lahore,Lahore,3.4,
8/26/2016 19:31,8/26/2016 19:54,Business,Lahore,Lahore,3.8,
8/27/2016 11:47,8/27/2016 12:06,Business,Lahore,Lahore,7,
8/27/2016 12:12,8/27/2016 12:17,Business,Lahore,Lahore,0.9,
8/27/2016 16:15,8/27/2016 19:13,Business,Unknown Location,Unknown Location,156.9,
8/28/2016 17:37,8/28/2016 17:55,Business,Islamabad,Islamabad,5.3,
8/29/2016 13:38,8/29/2016 13:48,Business,Islamabad,Islamabad,4.3,
8/29/2016 14:31,8/29/2016 14:41,Business,Islamabad,Islamabad,2.5,
8/29/2016 18:27,8/29/2016 18:36,Business,Islamabad,Islamabad,2.6,
8/30/2016 11:53,8/30/2016 12:05,Business,Unknown Location,Unknown Location,2.1,
8/30/2016 13:25,8/30/2016 13:46,Business,Islamabad,Islamabad,4.4,
8/30/2016 17:27,8/30/2016 18:09,Business,Unknown Location,Unknown Location,13,
42378.78403,42378.79722,Business,Unknown Location,Unknown Location,2.2,
42409.78889,42409.81736,Business,Unknown Location,Unknown Location,12.9,
42530.74236,42530.74236,Business,Unknown Location,Unknown Location,69.1,
42652.43611,42652.44792,Business,Unknown Location,Unknown Location,2.8,
42683.41042,42683.41319,Business,Unknown Location,Unknown Location,8.6,
42683.90278,42683.90417,Business,Unknown Location,Unknown Location,9.8,
42713.33819,42713.34167,Business,Unknown Location,Unknown Location,3.6,
42713.46875,42713.475,Business,Unknown Location,Unknown Location,1.7,
42713.54444,42713.57222,Business,Unknown Location,Unknown Location,11.5,
9/13/2016 16:56,9/13/2016 17:02,Business,Unknown Location,Unknown Location,0.7,
9/14/2016 11:55,9/14/2016 11:59,Business,Unknown Location,Unknown Location,0.7,
9/15/2016 20:33,9/15/2016 20:38,Business,Unknown Location,Unknown Location,0.9,
9/16/2016 7:08,9/16/2016 7:08,Business,Unknown Location,Unknown Location,1.6,
9/18/2016 18:07,9/18/2016 18:11,Business,Unknown Location,Unknown Location,9.4,
9/19/2016 17:36,9/19/2016 18:20,Business,Unknown Location,Unknown Location,18,
9/23/2016 13:15,9/23/2016 13:40,Business,Karachi,Karachi,2.9,
9/24/2016 20:29,9/24/2016 20:33,Business,Unknown Location,Unknown Location,2.4,
9/27/2016 8:33,9/27/2016 8:35,Business,Unknown Location,Unknown Location,5.8,
9/27/2016 13:21,9/27/2016 14:43,Business,Lahore,Lahore,9.8,
9/27/2016 21:01,9/28/2016 2:37,Business,Unknown Location,Unknown Location,195.6,
9/30/2016 17:39,9/30/2016 20:20,Business,Islamabad,Islamabad,37.7,
42439.76181,42439.77361,Business,Islamabad,Islamabad,2.8,
42439.78542,42439.79236,Business,Islamabad,Islamabad,1.6,
42470.40972,42470.45278,Business,Unknown Location,Unknown Location,28.6,
42470.51181,42470.5125,Business,Unknown Location,Unknown Location,15.1,
42531.77569,42531.77708,Business,Unknown Location,Unknown Location,18.4,
42531.82361,42531.85139,Business,Unknown Location,Unknown Location,13.8,
42561.47708,42561.49306,Business,Lahore,Lahore,2.6,
42561.65764,42561.66806,Business,Lahore,Lahore,2.4,
42561.75556,42561.76875,Business,Lahore,Lahore,3.1,
42561.77292,42561.79236,Business,Lahore,Lahore,6.1,
42592.62708,42592.62708,Business,Karachi,Karachi,3.6,
42623.58611,42623.59931,Business,Unknown Location,Unknown Location,7.7,Temporary Site
42653.72361,42653.72778,Business,Islamabad,Islamabad,1.7,
10/13/2016 12:08,10/13/2016 12:14,Business,Islamabad,Islamabad,1,
10/13/2016 13:02,10/13/2016 13:02,Business,Islamabad,Islamabad,0.7,
10/13/2016 13:37,10/13/2016 13:46,Business,Islamabad,Islamabad,2.3,
10/14/2016 15:56,10/14/2016 16:20,Business,Unknown Location,Unknown Location,3.8,
10/15/2016 22:28,10/15/2016 22:48,Business,Morrisville,Morrisville,6.2,
10/17/2016 18:31,10/17/2016 18:45,Business,Apex,Apex,3.3,
10/27/2016 19:20,10/27/2016 19:35,Business,Morrisville,Morrisville,5.9,
10/27/2016 19:52,10/27/2016 20:21,Business,Huntington Woods,Huntington Woods,12.1,
10/30/2016 9:07,10/30/2016 10:09,Business,Bryson City,Bryson City,16.3,
10/30/2016 10:11,10/30/2016 10:38,Business,Bryson City,Bryson City,6.5,
10/30/2016 10:51,10/30/2016 11:21,Business,Bryson City,Bryson City,6.3,
42380.73264,42380.7375,Business,Whitebridge,Whitebridge,1.2,
42380.80139,42380.80556,Business,Whitebridge,Whitebridge,1,
42380.83264,42380.84167,Business,Whitebridge,Whitebridge,4.1,
42380.86181,42380.87153,Business,Whitebridge,Whitebridge,4.2,Meal/Entertain
42411.73194,42411.74236,Business,Morrisville,Morrisville,5,
42501.80556,42501.81111,Business,Agnew,Agnew,2.2,
42624.91389,42624.91806,Business,Central,Central,1.1,
11/13/2016 8:54,11/13/2016 9:02,Business,Central,Central,2.3,
11/13/2016 9:27,11/13/2016 9:53,Business,Central,Central,2.6,
11/19/2016 16:01,11/19/2016 16:06,Business,Cary,Cary,1.5,
11/19/2016 16:27,11/19/2016 16:41,Business,Cary,Cary,1.8,
11/20/2016 10:27,11/20/2016 11:32,Business,Cary,Cary,39.2,Between Offices
11/20/2016 11:58,11/20/2016 12:28,Business,Cary,Cary,6.4,Customer Visit
11/20/2016 14:58,11/20/2016 15:07,Business,Cary,Cary,2.7,Meeting
11/20/2016 17:45,11/20/2016 18:37,Business,Cary,Cary,18.5,Errand/Supplies
11/21/2016 13:37,11/21/2016 13:49,Business,Cary,Cary,2.5,Meal/Entertain
11/21/2016 14:34,11/21/2016 14:44,Business,Cary,Cary,2.1,Meal/Entertain
11/22/2016 15:12,11/22/2016 15:27,Business,Cary,Cary,5.5,Meeting
11/22/2016 15:31,11/22/2016 15:44,Business,Cary,Cary,4.1,Meeting
11/22/2016 15:51,11/22/2016 16:43,Business,Cary,Cary,12.7,Customer Visit
11/23/2016 15:34,11/23/2016 15:50,Business,Cary,Cary,5.9,Meal/Entertain
11/23/2016 16:18,11/23/2016 16:29,Business,Cary,Cary,1.9,
11/23/2016 16:49,11/23/2016 17:00,Business,Cary,Cary,3.3,
11/23/2016 18:37,11/23/2016 18:47,Business,Cary,Cary,1.3,
11/26/2016 15:54,11/26/2016 15:59,Business,Cary,Cary,1.4,
11/26/2016 19:47,11/26/2016 19:54,Business,Cary,Cary,2.5,Errand/Supplies
42381.32222,42381.33264,Business,Cary,Cary,5.5,Meeting
42381.35903,42381.37014,Business,Cary,Cary,5.5,Errand/Supplies
42502.75278,42502.76181,Business,Cary,Cary,4.1,
42502.80694,42502.81736,Business,Cary,Cary,3.8,Meal/Entertain
42563.50208,42563.52222,Business,Cary,Cary,6.6,Meeting
42563.52431,42563.53194,Business,Cary,Cary,4,Meeting
42563.82847,42563.84236,Business,Cary,Cary,7,Customer Visit
42563.88403,42563.90972,Business,Cary,Cary,6.9,Meal/Entertain
42594.59653,42594.60556,Business,Cary,Cary,3.4,Errand/Supplies
42594.62014,42594.62639,Business,Cary,Cary,3.4,Errand/Supplies
42594.80694,42594.81042,Business,Cary,Cary,2,Meeting
42594.89306,42594.89653,Business,Cary,Cary,2,Errand/Supplies
42625.84097,42625.85694,Business,Cary,Cary,5.6,Meeting
42625.91875,42625.95625,Business,Cary,Cary,18.9,Customer Visit
42686.90833,42686.91389,Business,Cary,Cary,2.1,Errand/Supplies
42716.55694,42716.56389,Business,Cary,Cary,3.1,Errand/Supplies
12/13/2016 18:19,12/13/2016 18:29,Business,Cary,Cary,4.2,Errand/Supplies
12/13/2016 20:20,12/13/2016 20:29,Business,Cary,Cary,4.1,Meal/Entertain
12/14/2016 16:52,12/14/2016 17:10,Business,Cary,Cary,3.4,
12/14/2016 17:22,12/14/2016 17:34,Business,Cary,Cary,3.3,
12/17/2016 15:38,12/17/2016 16:12,Business,Unknown Location,Unknown Location,4.8,Airport/Travel
12/17/2016 17:19,12/17/2016 17:59,Business,Unknown Location,Unknown Location,5.3,Temporary Site
12/18/2016 13:03,12/18/2016 13:41,Business,Unknown Location,Unknown Location,4.9,Errand/Supplies
12/18/2016 16:38,12/18/2016 17:25,Business,Unknown Location,Unknown Location,10.2,Errand/Supplies
12/18/2016 20:35,12/18/2016 21:04,Business,Unknown Location,Unknown Location,9.2,
12/19/2016 13:24,12/19/2016 13:35,Business,Unknown Location,Unknown Location,1.3,
12/19/2016 14:07,12/19/2016 14:15,Business,Unknown Location,Unknown Location,2.5,
12/19/2016 14:18,12/19/2016 14:32,Business,Unknown Location,Unknown Location,5.3,
12/19/2016 14:37,12/19/2016 14:50,Business,Unknown Location,Unknown Location,5.4,
12/19/2016 19:55,12/19/2016 20:30,Business,Unknown Location,Unknown Location,11,Meeting
12/20/2016 10:30,12/20/2016 10:48,Business,Rawalpindi,Rawalpindi,3.3,Errand/Supplies
12/20/2016 13:14,12/20/2016 13:20,Business,Unknown Location,Unknown Location,1.7,Errand/Supplies
12/20/2016 16:14,12/20/2016 16:24,Business,Islamabad,Islamabad,1.8,Errand/Supplies
12/20/2016 16:56,12/20/2016 17:07,Business,Islamabad,Islamabad,1.4,Errand/Supplies
12/21/2016 7:42,12/21/2016 8:10,Business,Unknown Location,Unknown Location,11.5,Meeting
12/21/2016 12:51,12/21/2016 13:33,Business,Unknown Location,Unknown Location,16.2,Meeting
12/21/2016 15:38,12/21/2016 15:49,Business,Unknown Location,Unknown Location,2,Errand/Supplies
12/21/2016 17:45,12/21/2016 17:54,Business,Islamabad,Islamabad,2.1,Meeting
12/22/2016 15:40,12/22/2016 16:38,Business,Unknown Location,Unknown Location,32.3,Meeting
12/22/2016 17:04,12/22/2016 17:20,Business,Unknown Location,Unknown Location,5.3,Customer Visit
12/22/2016 17:27,12/22/2016 17:53,Business,Unknown Location,Unknown Location,11.6,Meeting
12/22/2016 17:56,12/22/2016 18:29,Business,Unknown Location,Unknown Location,23.2,Meeting
12/22/2016 18:31,12/22/2016 18:37,Business,Unknown Location,Unknown Location,3.2,Errand/Supplies
12/22/2016 18:38,12/22/2016 18:47,Business,Unknown Location,Unknown Location,12.3,Temporary Site
12/22/2016 21:41,12/22/2016 21:53,Business,Lahore,Lahore,2.1,Meal/Entertain
12/22/2016 23:27,12/22/2016 23:32,Business,Lahore,Lahore,2.1,Customer Visit
12/23/2016 9:21,12/23/2016 9:41,Business,Lahore,Lahore,3,Meeting
12/23/2016 14:15,12/23/2016 15:25,Business,Unknown Location,Unknown Location,9.6,Meeting
12/23/2016 16:23,12/23/2016 16:34,Business,Unknown Location,Unknown Location,1.3,Errand/Supplies
12/24/2016 10:34,12/24/2016 10:53,Business,Lahore,Lahore,5.3,Meal/Entertain
12/24/2016 12:51,12/24/2016 12:53,Business,Lahore,Lahore,1.6,Errand/Supplies
12/24/2016 13:08,12/24/2016 13:29,Business,Lahore,Lahore,3.6,Errand/Supplies
12/24/2016 17:12,12/24/2016 17:27,Business,Lahore,Lahore,1.7,Errand/Supplies
12/24/2016 19:12,12/24/2016 19:27,Business,Lahore,Lahore,2.9,Meal/Entertain
12/24/2016 22:04,12/24/2016 22:09,Business,Lahore,Lahore,0.6,Errand/Supplies
12/25/2016 0:10,12/25/2016 0:14,Business,Lahore,Lahore,0.6,Errand/Supplies
12/25/2016 19:15,12/25/2016 19:26,Business,Lahore,Lahore,2.3,Meal/Entertain
12/25/2016 21:58,12/25/2016 22:04,Business,Lahore,Lahore,2.3,Meal/Entertain
12/26/2016 8:30,12/26/2016 8:41,Business,Lahore,Lahore,3.2,Meal/Entertain
12/26/2016 9:05,12/26/2016 9:19,Business,Lahore,Lahore,6.2,Customer Visit
12/26/2016 10:15,12/26/2016 10:36,Business,Lahore,Lahore,7.7,Customer Visit
12/26/2016 11:29,12/26/2016 11:42,Business,Lahore,Lahore,3.8,Customer Visit
12/27/2016 7:02,12/27/2016 7:14,Business,Kar?chi,Kar?chi,4.9,Temporary Site
12/27/2016 8:37,12/27/2016 8:59,Business,Kar?chi,Kar?chi,5,Meal/Entertain
12/27/2016 12:53,12/27/2016 12:57,Business,Kar?chi,Kar?chi,0.6,Meal/Entertain
12/27/2016 19:19,12/27/2016 19:50,Business,Kar?chi,Kar?chi,5.5,Customer Visit
12/28/2016 13:53,12/28/2016 14:01,Business,Kar?chi,Kar?chi,2,Errand/Supplies
12/28/2016 18:33,12/28/2016 18:56,Business,Kar?chi,Kar?chi,3.8,Errand/Supplies
12/28/2016 22:44,12/28/2016 23:18,Business,Kar?chi,Kar?chi,5.1,Errand/Supplies
12/29/2016 0:49,12/29/2016 1:06,Business,Kar?chi,Kar?chi,3.8,Errand/Supplies
12/29/2016 12:25,12/29/2016 12:33,Business,Kar?chi,Kar?chi,1.4,Errand/Supplies
12/29/2016 13:17,12/29/2016 13:24,Business,Kar?chi,Kar?chi,1.1,Errand/Supplies
12/29/2016 13:56,12/29/2016 14:11,Business,Kar?chi,Kar?chi,4.1,Airport/Travel
12/29/2016 14:42,12/29/2016 14:58,Business,Kar?chi,Kar?chi,6.1,Between Offices
12/29/2016 15:05,12/29/2016 15:16,Business,Kar?chi,Kar?chi,1.3,Errand/Supplies
12/29/2016 20:15,12/29/2016 20:45,Business,Kar?chi,Kar?chi,7.2,Meeting
12/30/2016 10:15,12/30/2016 10:33,Business,Kar?chi,Kar?chi,2.8,Errand/Supplies
12/30/2016 11:31,12/30/2016 11:56,Business,Kar?chi,Kar?chi,2.9,Errand/Supplies
12/30/2016 15:41,12/30/2016 16:03,Business,Kar?chi,Kar?chi,4.6,Errand/Supplies
12/30/2016 16:45,12/30/2016 17:08,Business,Kar?chi,Kar?chi,4.6,Meeting
12/30/2016 23:06,12/30/2016 23:10,Business,Kar?chi,Kar?chi,0.8,Customer Visit
12/31/2016 1:07,12/31/2016 1:14,Business,Kar?chi,Kar?chi,0.7,Meeting
12/31/2016 15:03,12/31/2016 15:38,Business,Unknown Location,Unknown Location,16.2,Meeting
